Neighbourhood,Neighbourhood Id,Total Population,Visible Minority Category,   Not a Visible Minority,Total Area,   In Labour Force,Recent Immigrants,   Unemployed,   Not in Labour Force,Less than grade 9,With Bachelor Degree or Higher,With College Certificate/Diploma,Total by Tenure,Tenant Average Rent,Average Family Income,After-Tax Household Income,Pre-Tax Household Income,Part-Time Employment,Low Income Families,Lone Parent Families,Low Income Population,Early Development Instrument (EDI),Seniors Living Alone,Hospital Readmissions,Healthy Food Index,Rent Bank Applicants,Social Housing Units,Social Housing RGI,PFR Program Free Registrations,PFR Program Registrations,Drug Arrests,Assaults,Sexual Assaults,Break & Enters,Robberies,Vehicle Thefts,Thefts,Murders,Arsons,Fires & Fire Alarms
West Humber-Clairville,1,33312,0.987331892,0.178314121,0.000903278,0.535692843,0.073246878,0.051182757,0.300042027,0.18521854,0.18521854,0.403007925,0.304094621,945,72820,59703,66241,0.39940562,0.113772815,0.052233429,0.227845821,15.33923304,0.004803074,0.99,23.82,21,0.028518252,0.012337896,0,0.139739433,0.000870557,0.007774976,0.000930596,0.003932517,0.002461575,0.009486071,0.00114073,9.00576E-05,6.00384E-05,0.021884006
Mount Olive-Silverstone-Jamestown,2,32954,0.996237179,0.132760818,0.000139589,0.448048795,0.143229957,0.054166414,0.333039995,0.208017236,0.135036718,0.305425745,0.29161862,921,57411,46986,49934,0.028676337,0.152030103,0.065242459,0.350185107,19.53488372,0.005917339,0.81,37.57,44,0.039084785,0.035837835,0.175729805,0.183832008,0.000728288,0.006463555,0.000485525,0.001031741,0.002457972,0.001274504,9.1036E-05,3.03453E-05,3.03453E-05,0.010833283
Thistletown-Beaumond Heights,3,10360,0.977316602,0.348938224,0.000328185,0.488416988,0.069498069,0.050675676,0.321911197,0.19015444,0.163127413,0.384169884,0.311293436,887,70838,57522,62042,0.050868726,0.104247104,0.054054054,0.226833977,16.03773585,0.010135135,0.97,42.26,7,0.035907336,0.017374517,0.00492278,0.292084942,0.000675676,0.003378378,0.000289575,0.002220077,0.001158301,0.001254826,9.65251E-05,0,0,0.008011583
Rexdale-Kipling,4,10529,0.983949093,0.473929148,0.000237439,0.520467281,0.059359863,0.056985469,0.307721531,0.198974262,0.153860766,0.387976066,0.374679457,857,69367,51194,56545,0.048912527,0.105423117,0.063633773,0.206097445,7.894736842,0.010922215,0.95,23.31,18,0.029252541,0.028397759,0,0.003229177,0.001044734,0.00541362,0.000474879,0.001519612,0.001424637,0.002089467,0,0,9.49758E-05,0.007977966
Elms-Old Rexdale,5,9456,0.998836717,0.326247885,0.000306684,0.490164975,0.056049069,0.049175127,0.317787648,0.214149746,0.119500846,0.333650592,0.341053299,966,61196,49425,50846,0.041455161,0.125846024,0.083544839,0.295050761,9.782608696,0.006345178,0.95,24.71,12,0.03785956,0.03785956,0.223773266,0.539445854,0.000951777,0.005604907,0.000211506,0.000951777,0.001480541,0.001692047,0,0,0,0.009412014
Kingsview Village-The Westway,6,22000,0.999090909,0.401590909,0.000231818,0.466590909,0.083181818,0.046363636,0.339772727,0.199772727,0.169090909,0.367045455,0.347954545,1052,68145,50714,55454,0.034,0.127272727,0.071818182,0.307272727,15.63786008,0.009545455,0.99,35.69,19,0.025136364,0.018227273,0.108681818,0,0.000545455,0.005,0.000272727,0.001545455,0.001,0.001909091,0.000227273,9.09091E-05,9.09091E-05,0.011681818
Willowridge-Martingrove-Richview,7,22156,0.999729193,0.598934826,0.00024824,0.490612024,0.054612746,0.041523741,0.348212674,0.169705723,0.237633147,0.448411266,0.367620509,1124,79241,57048,63701,0.027486911,0.072666546,0.049196606,0.157519408,14.68926554,0.01444304,0.83,30.46,18,0.03439249,0.02306373,0,0.257537462,0.000270807,0.003971836,0.000270807,0.001444304,0.001715111,0.002166456,0.000180538,0,0,0.012276584
Humber Heights-Westmount,8,10948,0.923913043,0.672725612,0.000255754,0.467208623,0.031512605,0.034709536,0.32334673,0.147972232,0.213737669,0.438892948,0.358969675,1041,81267,54919,60410,0.028772379,0.074899525,0.057544757,0.162586774,9.722222222,0.01963829,1.09,32.82,4,0.062842528,0.035622945,0,0.017263427,0.000274023,0.002283522,0,0.002192181,0.000730727,0.001552795,0.000365364,9.13409E-05,0.000182682,0.010412861
Edenbridge-Humber Valley,9,15535,0.977792082,0.771161893,0.000354039,0.542001931,0.033150949,0.032829096,0.299324107,0.111039588,0.334084326,0.526231091,0.38751207,1127,119581,62463,71646,0.03482459,0.057933698,0.040553589,0.106855488,7.01754386,0.012874155,0.9,46.41,7,0,0,0,0.139040875,0.000193112,0.00167364,0.000386225,0.002961056,0.000193112,0.001866752,6.43708E-05,0,0,0.006179594
Princess-Rosethorn,10,11051,0.999457063,0.809429011,0.000470546,0.531626097,0.024432178,0.03212379,0.307212017,0.09818116,0.405393177,0.571441499,0.351551896,1194,144943,93391,114844,0.038458058,0.041625192,0.028956656,0.085965071,4.651162791,0.007239164,0.81,39.52,1,0,0,0,0.223961632,0.000361958,0.002262239,0.000542937,0.002986155,0.001809791,0.002171749,0.000271469,9.04895E-05,0,0.00796308
Eringate-Centennial-West Deane,11,18588,0.996610717,0.72062621,0.000462664,0.543630299,0.018829352,0.040348612,0.311760275,0.142296105,0.264417904,0.4970949,0.37120723,1108,88741,69740,80894,0.03835808,0.057026038,0.047880353,0.114590058,10.95890411,0.008607704,0.63,10.43,6,0,0,0.000376587,0.415644502,0.000376587,0.002797504,0.000268991,0.001506348,0.000806972,0.001560146,0.000268991,0,5.37981E-05,0.006509576
Markland Wood,12,10554,0.99061967,0.858442297,0.000274777,0.515918135,0.027951488,0.03174152,0.347261702,0.096172067,0.333996589,0.548607163,0.413587265,1112,100337,64297,74376,0.056281978,0.048322911,0.037900322,0.093803297,8.108108108,0.020845177,0.89,7.99,4,0,0,0.024635209,0.268050028,0.000189502,0.002179269,9.47508E-05,0.001705514,0.000758006,0.00123176,0.000189502,0,0,0.009001327
Etobicoke West Mall,13,11848,0.967673869,0.586596894,0.000143484,0.541863606,0.068787981,0.042623228,0.283170155,0.142218096,0.228308575,0.449442944,0.341407833,1078,67704,50570,56010,0.055790007,0.082714382,0.050641458,0.17049291,19.04761905,0.009284267,0.7,15.41,11,0.016880486,0.016711681,0.014095206,0.035111411,0,0.003376097,0.000253207,0.001097232,0.000253207,0.001266036,0,8.44024E-05,8.44024E-05,0.008524646
Islington-City Centre West,14,43965,0.983168429,0.618560218,0.000373024,0.583759809,0.064824292,0.042533834,0.266689412,0.092801092,0.344251109,0.558057546,0.369612192,1072,87747,57658,66537,0.306175367,0.139656545,0.041851473,0.263618788,14.24242424,0.012168771,0.95,31.01,12,0.028204253,0.026794041,0.026794041,0.068145115,0.000682361,0.004230638,0.000614125,0.002365518,0.000750597,0.003047879,0.000841579,0,9.09815E-05,0.015034687
Kingsway South,15,9271,0.988566498,0.869377629,0.000280444,0.516664869,0.010247007,0.038830763,0.302556359,0.071729048,0.478912739,0.618595621,0.378060619,1640,191204,106386,131047,0.108726135,0.02804444,0.024808543,0.050695718,4.819277108,0.009707691,1.18,43.15,0,0,0,0.006148204,1.025887175,0.001078632,0.002588718,0.000215726,0.002912307,0.000862906,0.000970769,0.000107863,0,0.000107863,0.012727861
Stonegate-Queensway,16,25051,0.993972297,0.810746078,0.000315357,0.56125504,0.040118159,0.037323859,0.271047064,0.109776057,0.338908626,0.541096164,0.416151052,996,100867,67549,78238,0.076164624,0.069458305,0.040317752,0.122949184,7.547169811,0.010778013,0.63,31.23,11,0.005149495,0.003193485,0.007903876,0.444213804,0.000439104,0.002634625,0.000119756,0.001995928,0.000479023,0.000479023,0.000199593,0,3.99186E-05,0.00834298
Mimico,17,33964,0.980744318,0.674684961,0.000203156,0.623012602,0.055794371,0.038423036,0.25571193,0.098486633,0.339182664,0.584589565,0.402779413,1009,87901,55300,64589,0.05258509,0.080084796,0.038275821,0.129254505,13.84615385,0.017812978,1.01,21.59,26,0.025880344,0.02293605,0.036450359,0.096337298,0.000706631,0.006065246,0.00050053,0.001383818,0.000235544,0.000971617,0.000412201,2.94429E-05,2.94429E-05,0.011011659
New Toronto,18,11463,0.984907965,0.669545494,0.00030533,0.563552299,0.043618599,0.049289017,0.280903777,0.151792724,0.243391782,0.485475007,0.451016313,777,70398,40859,44141,0.160167495,0.124749193,0.054087063,0.210241647,10.41666667,0.01744744,1.19,24.84,24,0.08810957,0.06568961,0.016313356,0.449446044,0.001395795,0.00715345,0.001134084,0.003576725,0.001308558,0.000959609,0.000523423,8.72372E-05,0,0.013957952
Long Branch,19,10084,0.998611662,0.769535898,0.000228084,0.610868703,0.037187624,0.043633479,0.254363348,0.144287981,0.256346688,0.501785006,0.447738992,922,77549,47680,52771,0.035402618,0.093216977,0.050575169,0.150733836,9.210526316,0.013387545,1.04,28.08,11,0.010511702,0.007239191,0.002082507,0.187623959,0.000396668,0.004760016,0.000198334,0.002776676,0.000595002,0.001388338,0,0,0,0.00793336
Alderwood,20,12054,0.99759416,0.791023727,0.0004148,0.566202091,0.016592003,0.034428406,0.285382446,0.18997843,0.18997843,0.43968807,0.387008462,984,83584,61402,71585,0.078894973,0.053094408,0.047287208,0.090426414,12.61261261,0.014103202,0.86,11.41,4,0.006387921,0.003235441,0.015347602,0.346689895,0.00033184,0.00257176,8.296E-05,0.00215696,0.00066368,0.00149328,0.00066368,0,8.296E-05,0.008793761
Humber Summit,21,12416,0.999114046,0.343508376,0.000636276,0.46351482,0.070070876,0.044700387,0.362838273,0.301626933,0.116784794,0.303640464,0.305251289,907,65757,53272,57786,0.172438789,0.126449742,0.056378866,0.26820232,9.77443609,0.00523518,1.09,32.33,11,0.010711985,0.009181701,0,0.140383376,0.000966495,0.007329253,0.00064433,0.003141108,0.001530284,0.004913015,0.001449742,0,0.000241624,0.014175258
Humbermede,22,15545,0.999356706,0.229334191,0.000283049,0.491476359,0.100032165,0.050176906,0.318430363,0.223544548,0.125763911,0.329044709,0.329044709,966,59697,48655,51959,0.040141525,0.119652621,0.068189128,0.259247346,15.07537688,0.002894821,0.95,20.52,12,0.014345449,0.010292699,0.026954005,0.190286266,0.001222258,0.00604696,0.000578964,0.001479575,0.001415246,0.002830492,6.43294E-05,6.43294E-05,0,0.009006111
Pelmo Park-Humberlea,23,10722,0.999813468,0.562861406,0.000391718,0.547472486,0.034042156,0.033109494,0.289125163,0.171143443,0.14875956,0.38518933,0.277466891,1019,76800,59842,67412,0.077690729,0.066218989,0.049431076,0.13337064,14,0.00512964,1.18,21.71,4,0.033482559,0.006435367,0,0.030498041,0.002984518,0.004663309,0.000279799,0.002238388,0.000932662,0.002238388,0.000373065,9.32662E-05,0,0.010445812
Black Creek,24,21737,0.992087225,0.189768597,0.000156415,0.427841929,0.09407922,0.05428532,0.352164512,0.259235405,0.071997056,0.246354143,0.333532686,846,52499,39986,41878,0.034917422,0.169296591,0.100749873,0.365275797,19.25675676,0.010120992,1.03,41.84,24,0.071951051,0.070892948,0.147122418,0.005520541,0.001288126,0.009108893,0.000828081,0.001242122,0.001288126,0.002438239,0.000230023,4.60045E-05,0,0.010166996
Glenfield-Jane Heights,25,30491,0.990784166,0.231707717,0.000170542,0.440785806,0.061493555,0.050834673,0.360270244,0.304844052,0.069200748,0.251057689,0.327965629,818,56582,44488,46475,0.056213309,0.144960808,0.095765964,0.31517497,20.80200501,0.010002952,1.08,41.05,13,0.049555607,0.047620609,0.130464727,0.1001935,0.001803811,0.008100751,0.000787118,0.000918304,0.001934997,0.002066183,0.000360762,3.27966E-05,0.000163983,0.011839559
Downsview-Roding-CFB,26,35052,0.99880178,0.426366541,0.000425083,0.514806573,0.089723839,0.04051124,0.319810567,0.25833048,0.127952756,0.351049869,0.37843775,905,61994,44087,47173,0.12364487,0.115827913,0.068184412,0.22110008,15.53672316,0.011839553,1.07,23.72,40,0.016290083,0.014121876,0.057400434,0.115371448,0.001540568,0.008872532,0.000741755,0.001512039,0.001397923,0.002510556,0.00028529,2.8529E-05,0.000171174,0.015063334
York University Heights,27,27593,0.999166455,0.305512268,0.000478382,0.536911536,0.103287066,0.057442105,0.315478563,0.198963505,0.201319175,0.413873084,0.373826695,911,59770,42916,45534,0.418258254,0.16272243,0.064509115,0.288116551,24.11067194,0.008335447,1.1,47,33,0.01851919,0.014895082,0.047222122,0.102344798,0.002138223,0.01043743,0.000978509,0.003479143,0.002065741,0.003841554,0.001195955,7.24822E-05,0.000108723,0.028014351
Rustic,28,9941,0.981289609,0.396841364,0.000211246,0.412433357,0.051302686,0.037722563,0.374207826,0.237903631,0.080474801,0.28669148,0.367669249,740,59004,41187,43976,0.016396741,0.134795292,0.105623177,0.299768635,13.08411215,0.014586058,1.34,16.55,5,0.129966804,0.115179559,0.181671864,0.243134494,0.001005935,0.004627301,0.000502968,0.001508903,0.000603561,0.000804748,0.000301781,0,0,0.010461724
Maple Leaf,29,10111,0.975670062,0.550390664,0.000247255,0.508851746,0.093957076,0.041044407,0.318465038,0.252200574,0.156265453,0.355058847,0.35159727,936,68718,52174,57721,0.01404411,0.087033923,0.049451093,0.175056869,9,0.008901197,0.86,14.42,3,0.017307883,0.007912175,0,0,0.000197804,0.00316487,9.89022E-05,0.001681337,0.000395609,0.001384631,0,0,9.89022E-05,0.005835229
Brookhaven-Amesbury,30,17757,0.997071577,0.342118601,0.000197105,0.512755533,0.083065833,0.051528974,0.295094892,0.215408008,0.108126373,0.333671228,0.359858084,893,60364,43512,47040,0.066283719,0.1306527,0.084473729,0.269189615,13.61502347,0.007884215,0.81,43.1,40,0.04781213,0.027707383,0.036661598,0.186011151,0.000844737,0.00512474,0.000506842,0.00174579,0.001407895,0.001633159,0.000168947,0,5.63158E-05,0.009517373
Yorkdale-Glen Park,31,14804,0.947716833,0.519791948,0.000398541,0.489394758,0.057754661,0.0391786,0.325925426,0.245541745,0.162456093,0.35395839,0.35395839,916,70539,49803,54093,0.510402594,0.099297487,0.062820859,0.192515536,19.26605505,0.010132397,1.35,21.66,5,0.044379897,0.024925696,0.001283437,0.098757093,0.001621183,0.009389354,0.00101324,0.004323156,0.001283437,0.002769522,0.001553634,6.75493E-05,0,0.019454202
Englemount-Lawrence,32,22372,0.978008225,0.582424459,0.000160915,0.480958341,0.091632398,0.042687288,0.282942964,0.105712498,0.262828536,0.450563204,0.363624173,904,86616,45087,49762,0.05949401,0.110405864,0.056767388,0.239585196,24.64788732,0.01899696,1.11,43.98,7,0.094046129,0.076032541,0.178303236,0.154970499,0.000178795,0.004961559,0.000178795,0.002637225,0.001877347,0.000983372,0.000312891,0,0,0.011129984
Clanton Park,33,16472,0.996843128,0.614072365,0.000254978,0.563076736,0.081653715,0.034300631,0.26590578,0.113222438,0.321151044,0.526347742,0.336328315,938,89550,54498,61094,0.07011899,0.085599806,0.039460903,0.15541525,9.734513274,0.010927635,0.84,19.35,6,0.034543468,0.019912579,0,0.024951433,0.000182127,0.003460418,0.000607091,0.002489072,0.000424964,0.002974745,0.000303545,6.07091E-05,6.07091E-05,0.010806217
Bathurst Manor,34,15873,0.981540982,0.64039564,0.0003024,0.543060543,0.093870094,0.039060039,0.292320292,0.154350154,0.313740314,0.516600517,0.379260379,1015,76914,51076,56563,0.055503056,0.090720091,0.040950041,0.165060165,14.03508772,0.02047502,0.94,18.8,3,0.018963019,0.018963019,0,0.051345051,0,0.003528004,0.000126,0.002142002,0.000504001,0.001512002,0.000252,0,0,0.00963901
Westminster-Branson,35,26274,0.994138692,0.54845094,0.000140824,0.534939484,0.168607749,0.049097968,0.32960341,0.097054122,0.322942833,0.549212149,0.384220142,1095,62791,42465,45888,0.024815407,0.13321154,0.050620385,0.248915277,16.47727273,0.021884753,1.17,24.63,9,0.036766385,0.024587044,0.231064931,0.1090051,0.000190302,0.004110528,0.000266423,0.000723148,0.000342544,0.000913451,0.000228363,0,7.61209E-05,0.009058385
Newtonbrook West,36,23831,0.991145986,0.411438882,0.000197222,0.521799337,0.15358147,0.044060258,0.35206244,0.092526541,0.332340229,0.539843062,0.361713734,1135,66505,46815,50150,0.085518862,0.146028282,0.04196215,0.280726784,15.15151515,0.012378834,1.04,26.14,3,0.015945617,0.002559691,0.00058747,0.107716839,0.000293735,0.005035458,0.000335697,0.002307918,0.00058747,0.001972221,0.000293735,0,4.19622E-05,0.008476354
Willowdale West,37,16936,0.984293812,0.41568257,0.000171233,0.508384506,0.098901748,0.049893718,0.369036372,0.074988191,0.443729334,0.609057629,0.394426075,1117,83632,54226,60537,0.040564478,0.098606519,0.026570619,0.18008975,9.302325581,0.018894662,1.05,17.67,1,0.039206424,0.03064478,0.009919698,0.327231932,0.000354275,0.004310345,0.000354275,0.002066604,0.000826641,0.00070855,0.000118092,0,5.90458E-05,0.010569202
Lansing-Westgate,38,16164,0.993875278,0.565454096,0.000334076,0.568856719,0.090942836,0.041140807,0.275303143,0.055369958,0.455023509,0.609378867,0.370267261,1332,105947,60980,70571,0.087230883,0.467706013,0.032170255,0.768992824,11.2,0.006495917,1.1,19.11,2,0,0,0.016703786,0.832467211,0.000494927,0.00389755,0.000433061,0.002598367,0.000494927,0.001670379,0.000433061,0,0.000123732,0.010517199
Bedford Park-Nortown,39,23236,0.994792563,0.78627991,0.000236702,0.509338957,0.054226201,0.027973834,0.288991221,0.081339301,0.414227922,0.549363057,0.375064555,1124,161110,76160,90934,0.077853331,0.057669134,0.0271131,0.105009468,9.756097561,0.013341367,0.65,47.74,3,0.010156653,0.00916681,0,0.006111207,0.000215183,0.0012911,0.000172147,0.004303667,0.00051644,0.0012911,0.00038733,0,4.30367E-05,0.011017387
St.Andrew-Windfields,40,17812,0.992308556,0.490399731,0.000409836,0.519593532,0.078598698,0.043229284,0.325342466,0.080563665,0.436222771,0.587525264,0.362676847,1270,162988,80145,94271,0.095104424,0.089265664,0.033685156,0.188075455,13.1147541,0.006456322,0.89,18.23,3,0.002133393,0.001908826,0,0.115147092,0.000392993,0.002470245,0.000336852,0.00320009,0.000561419,0.000561419,0.000224568,0,0.000112284,0.012968785
Bridle Path-Sunnybrook-York Mills,41,9266,0.991258364,0.692315994,0.000949709,0.487265271,0.035614073,0.038851716,0.348586229,0.067990503,0.517483272,0.608137276,0.324303907,2388,356777,161448,208674,0.438700626,0.049643859,0.022663501,0.087416361,17.39130435,0.005935679,0.69,22.26,0,0.004640622,0.00377725,0,0.121735377,0.00075545,0.001942586,0.000539607,0.005503993,0.000107921,0.001295057,0.000323764,0,0,0.028491258
Banbury-Don Mills,42,27695,0.97472468,0.515977613,0.000361076,0.506048023,0.054161401,0.036468677,0.338328218,0.083047481,0.391767467,0.57591623,0.42498646,1213,115239,60203,70039,0.180393573,0.072215201,0.036829753,0.136847806,8.974358974,0.019317566,0.95,21.31,4,0.010976711,0.007582596,0,0.058963712,0.000469399,0.002455317,0.000252753,0.001985918,0.000433291,0.000216646,0.000324968,0,3.61076E-05,0.010398989
Victoria Village,43,17510,0.981439178,0.401770417,0.000268418,0.49229012,0.096801828,0.049685894,0.339234723,0.159337521,0.214734437,0.447744146,0.416047973,867,65104,43743,47529,0.076356368,0.116504854,0.059394632,0.246716162,14.08450704,0.017133067,1.02,26.9,13,0.052655625,0.049571673,0.240091376,0.08983438,0.000571102,0.006339235,0.000342661,0.001085094,0.000571102,0.001142204,0.000228441,0.00011422,5.71102E-05,0.011422045
Flemingdon Park,44,21933,0.999179319,0.214061004,0.000113983,0.451830575,0.127433548,0.047873068,0.34764966,0.164820134,0.223863585,0.404869375,0.366342954,932,55824,43511,46554,0.028678247,0.15000228,0.052888342,0.355628505,22.83464567,0.011626317,1,21.66,19,0.034103862,0.033693521,0.346965759,0.024802809,0.000364747,0.005607988,0.000227967,0.000638308,0.000866275,0.000227967,0.00013678,0,0,0.008571559
Parkwoods-Donalda,45,34805,0.997845137,0.449791697,0.000215486,0.524062635,0.080160896,0.048412584,0.305846861,0.110903606,0.270363454,0.490877747,0.377531964,1114,74645,52550,59027,0.024680362,0.096825169,0.058899583,0.206866829,15.80645161,0.010486999,1,33.6,53,0.023128861,0.015831059,0.000632093,0.089354978,0.000229852,0.004051142,0.000258584,0.001292918,0.000718288,0.000689556,8.61945E-05,0,0,0.007240339
Pleasant View,46,15818,0.999178151,0.357820205,0.000189657,0.513655329,0.083449235,0.051207485,0.356555822,0.163105323,0.292388418,0.500063219,0.349285624,1075,71782,60065,65197,0.034580857,0.109369073,0.043621191,0.223795676,9.923664122,0.004425338,1.1,22.56,4,0,0,0.002023012,0.204260969,0.000252876,0.002971299,0.000252876,0.002023012,0.000821849,0.000442534,0.000126438,0,0,0.006258693
Don Valley Village,47,27051,0.991645411,0.288159403,0.000151566,0.513104876,0.13992089,0.049166389,0.328453662,0.098517615,0.357657758,0.555802004,0.360430298,1114,69884,51247,56780,0.11859081,0.126797531,0.039924587,0.260249159,14.95726496,0.007763114,1.03,37.87,5,0.00410336,0.004029426,0.0567077,0.192303427,0.000554508,0.003807623,0.000517541,0.002365901,0.000628443,0.000961147,0.000295738,0,0.000110902,0.006136557
Hillcrest Village,48,16934,0.998877997,0.243888036,0.00031298,0.46828865,0.066434392,0.038974844,0.405692689,0.117219794,0.380595252,0.563658911,0.386500531,678,81484,57682,64522,0.164934451,0.128735089,0.038974844,0.25687965,18.04511278,0.020668478,1.35,48.46,0,0.060647219,0.060174796,0.00761781,0.066906815,0.000177158,0.002007795,0.000708634,0.001948742,0.000531475,0.001181056,5.90528E-05,0,0.000118106,0.010806661
Bayview Woods-Steeles,49,13154,0.962064771,0.334879124,0.000311692,0.471719629,0.081344078,0.037631139,0.375551163,0.107951954,0.389235214,0.567888095,0.358826213,1459,88861,61716,70294,0.081192033,0.107951954,0.036490801,0.234149308,24.41860465,0.013303938,1.21,35.61,4,0.013227915,0.012999848,0.003497035,0.424509655,0.000228068,0.002356698,0.000532158,0.002508743,0,0.001368405,7.60225E-05,0,7.60225E-05,0.007526228
Newtonbrook East,50,16097,0.964776045,0.268372989,0.000254706,0.502267503,0.115238864,0.044107598,0.36497484,0.100639871,0.419022178,0.587687147,0.387028639,1203,84163,54195,61490,0.102130832,0.147853637,0.029819221,0.285767534,12.87128713,0.011803442,0.91,29.12,2,0,0,0.000621234,0.083121078,0.000869727,0.004348636,0.000248494,0.002547058,0.000434864,0.000310617,0.00037274,6.21234E-05,0,0.007579052
Willowdale East,51,50434,0.996450807,0.248740929,9.91395E-05,0.536840227,0.146825554,0.045604156,0.342526867,0.053039616,0.497580997,0.647380735,0.389320696,1453,80607,55154,64362,0.055200857,0.124122616,0.028353888,0.264305825,12,0.005353531,0.91,28.9,7,0.009834635,0.00904152,0.000634493,0.092536781,0.000297418,0.002339691,0.000317246,0.001586232,0.000436214,0.000872427,0.000237935,0,3.96558E-05,0.009299282
Bayview Village,52,21396,0.988035147,0.310104692,0.000243036,0.555477659,0.117779024,0.042531314,0.319919611,0.058889512,0.457562161,0.642176108,0.344690596,1441,92800,58028,67186,0.195036455,0.09768181,0.031314264,0.198635259,13.44537815,0.008412787,0.98,32.12,2,0.00612264,0.006075902,0,0,0.000373902,0.003131426,0.000420639,0.001542344,0.000373902,0.00060759,0.000233689,0,0,0.009394279
Henry Farm,53,15723,0.999491191,0.234052026,0.000165363,0.547287413,0.186669211,0.056604974,0.292565032,0.058513006,0.405138968,0.587038097,0.26044648,1156,65901,47659,52675,0.200216244,0.131018254,0.029256503,0.268396616,8.695652174,0.004452077,1.08,20.8,5,0.014755454,0,0,0.024931629,0.000318005,0.003688863,0.000699612,0.000763213,0.000508809,0.00057241,6.36011E-05,0,0,0.012720219
O'Connor-Parkview,54,18675,0.990629183,0.61686747,0.000262383,0.512985274,0.066666667,0.051941098,0.311646586,0.157965194,0.212583668,0.441767068,0.396251673,865,73050,48969,54491,0.053440428,0.107095047,0.057831325,0.209370817,9.756097561,0.009638554,0.98,37.63,24,0.028273092,0.015528782,0.00107095,0.068487282,0.00064257,0.006318608,0.000589023,0.001820616,0.00107095,0.000374833,0.000321285,0,0.000107095,0.009263722
Thorncliffe Park,55,21108,0.987540269,0.205846125,0.000146864,0.402217169,0.183816562,0.050691681,0.320257722,0.122702293,0.240430169,0.380661361,0.317888952,1055,49530,38645,40795,0.142884215,0.14354747,0.033162782,0.412166003,14.24332344,0.013028236,0.86,34.53,15,0.026861853,0.019423915,0.028614743,0.051402312,0.000947508,0.003363654,0.000142126,0.00113701,0.000568505,0.000189502,0.000521129,0,0.000142126,0.012270229
Leaside-Bennington,56,16828,0.98853102,0.814713573,0.000285239,0.543439506,0.021095793,0.037734728,0.250475398,0.067149988,0.455490849,0.58711671,0.389232232,1158,158847,85039,102666,0.077311623,0.035060613,0.029118136,0.055265034,13.29787234,0.014856192,0.84,40.94,2,0,0,0.00011885,0.256596149,0.000356549,0.001129071,0.00011885,0.001961017,0.000415973,0.000237699,0.00011885,0,0.000653672,0.006893273
Broadview North,57,11499,0.98530307,0.713105487,0.000147839,0.571788851,0.059135577,0.046960605,0.286981477,0.160448735,0.305243934,0.514827376,0.488303331,940,67940,41036,45969,0.056178798,0.108705105,0.051308809,0.18697278,22.22222222,0.016088356,0.99,31.36,11,0.013392469,0.008174624,0,0,0.000695713,0.003913384,0.000521785,0.001391425,0.000782677,0.000695713,0.000173928,0,0,0.010783546
Old East York,58,9233,0.997508935,0.731073324,0.000249106,0.553991119,0.034658291,0.027618326,0.284306293,0.135925485,0.263727932,0.484133001,0.417524098,959,90478,61174,72230,0.036932741,0.06823351,0.044405935,0.121304018,9.473684211,0.016246074,1.03,24.76,6,0.019711903,0.010397487,0.001732915,0.574894401,0.000216614,0.003357522,0.000108307,0.002707679,0.000433229,0.000649843,0.000216614,0.000108307,0.000324921,0.008664573
Danforth-East York,59,17180,0.994179278,0.697613504,0.000128056,0.548311991,0.023864959,0.037834692,0.27008149,0.157450524,0.305878929,0.495343423,0.404540163,923,83989,63221,70739,0.093073341,0.072759022,0.044237485,0.136204889,11.5942029,0.012514552,0.93,24.56,7,0.024621653,0.022467986,0.008032596,0.024330617,0.000523865,0.002270081,0.000174622,0.002386496,0.000349243,0.000640279,0.000232829,0,0,0.005995343
Woodbine-Lumsden,60,7865,0.998092816,0.688493325,0.000152575,0.596948506,0.016528926,0.03941513,0.254291163,0.141131596,0.285441831,0.49841068,0.443102352,823,74945,56681,65259,0.020979021,0.083916084,0.052129688,0.13986014,4.918032787,0.013350286,1.01,27.87,3,0.025810553,0.025174825,0.003305785,0.410807374,0.00114431,0.003814367,0.000762873,0.001780038,0.000381437,0.000381437,0.000635728,0,0,0.006102988
Taylor-Massey,61,15683,0.987374865,0.326786967,7.01396E-05,0.50596187,0.159408276,0.058024613,0.292992412,0.136772301,0.289166614,0.474399031,0.40139004,882,51131,37875,40915,0.045590767,0.14984378,0.047822483,0.330293949,16.91542289,0.009564497,1.13,38.19,15,0.024293821,0.022572212,0.150736466,0.016387171,0.00057387,0.005611171,0.000446343,0.002678059,0.001020213,0.000510106,0.000318817,6.37633E-05,0.000127527,0.010648473
East End-Danforth,62,21381,0.982648146,0.679809176,0.000121603,0.566858426,0.04700435,0.046302792,0.24180347,0.124409522,0.320845611,0.518450961,0.426313082,831,90812,56179,63526,0.073710304,0.094944109,0.049109022,0.16463215,13.57466063,0.016837379,1.19,35.29,13,0.047518825,0.036060053,0.00378841,0.355362238,0.000467705,0.006734952,0.000701557,0.003694869,0.001449885,0.00098218,0.000561246,0,9.3541E-05,0.011131378
The Beaches,63,21567,0.99434321,0.856169147,0.000166922,0.589326286,0.018315018,0.033616173,0.228126304,0.06700051,0.428200491,0.591180971,0.43469189,1154,139757,70957,85028,0.086613808,0.053322205,0.033384337,0.081606158,7.851239669,0.011128112,0.74,31.53,7,0.007001437,0.004312144,0.013771039,0.261186071,0.001112811,0.003384801,0.000417304,0.003523902,0.000602773,0.000370937,0.000185469,0,0,0.012704595
Woodbine Corridor,64,12541,0.991547723,0.721633044,0.000127582,0.579698589,0.021130691,0.044653536,0.226058528,0.112032533,0.336496292,0.527868591,0.415038673,782,90338,63343,72937,0.036280998,0.084522765,0.044653536,0.14113707,10.25641026,0.007575153,1.49,29.04,6,0.075751535,0.057012997,0.002392154,0.214336975,0.000637908,0.005183,0.000558169,0.004066661,0.000478431,0.000717646,0.000478431,0,7.97385E-05,0.007654892
Greenwood-Coxwell,65,14417,0.997433585,0.607269196,0.000117916,0.571894291,0.023236457,0.041270722,0.254560588,0.177914962,0.318374142,0.503225359,0.416522161,829,76085,52770,57853,0.04772144,0.111673719,0.049941042,0.20253867,5.882352941,0.009710758,0.77,44.29,9,0.057570923,0.040369009,0.000416175,0.171741694,0.000971076,0.005132829,0.000762988,0.004300479,0.000693626,0.000971076,0.000485538,0,6.93626E-05,0.009155858
Danforth,66,9666,0.992654666,0.73556797,0.000113801,0.563314711,0.024312022,0.03517484,0.259673081,0.168632319,0.340885578,0.500724188,0.403993379,828,88629,62482,69640,0.068487482,0.086902545,0.037243948,0.144837575,7.142857143,0.020173805,0.96,32.16,3,0.036830126,0.036416305,0.000517277,0.277984689,0.002069108,0.006103869,0.000931099,0.004138216,0.001448376,0.000517277,0.000310366,0.000103455,0,0.011069729
Playter Estates-Danforth,67,7804,0.978985136,0.779728344,0.000115325,0.599692465,0.030112763,0.038441825,0.232573039,0.092260379,0.433111225,0.597129677,0.452972834,1075,112244,55536,62185,0.117247565,0.073039467,0.029472066,0.111481292,3.076923077,0.012813942,1.04,42.51,3,0.024859047,0.021399282,0,0,0.000768836,0.007175807,0.000512558,0.003075346,0.001281394,0.000768836,0.000384418,0,0,0.009097899
North Riverdale,68,11916,0.980194696,0.744796912,0.000151057,0.600872776,0.015944948,0.031889896,0.216096005,0.104900973,0.435129238,0.574437731,0.432192011,1057,114599,68164,80260,0.142329641,0.073011078,0.035246727,0.115810675,12.90322581,0.013007721,0.65,47.17,5,0.008224236,0.002014099,0,0.418345082,0.000503525,0.003776435,0.000755287,0.003440752,0.001930178,0.000503525,0.000335683,8.39208E-05,8.39208E-05,0.010490097
Blake-Jones,69,7727,0.994564514,0.61149217,0.000116475,0.528018636,0.02717743,0.044648635,0.284715931,0.193477417,0.315128769,0.48660541,0.418661835,778,76633,51381,55411,0.043613304,0.128122169,0.05823735,0.264009318,17.97752809,0.018765368,1.06,39.98,5,0.097191666,0.087097192,0,0,0.001552996,0.007894396,0.001294163,0.002976576,0.001682412,0.000647082,0,0.000129416,0.000129416,0.013200466
South Riverdale,70,27876,0.97018941,0.567333907,0.000344382,0.593162577,0.028698522,0.038384273,0.236762807,0.155151385,0.337925097,0.512268618,0.385277658,859,83795,56192,65076,0.138649735,0.109771847,0.045558904,0.19514995,7.56302521,0.014349261,0.82,45.86,14,0.053056393,0.037846176,0.181518152,0.211436361,0.001578419,0.006780026,0.000896829,0.005201607,0.001112068,0.001004448,0.000717463,0.000107619,7.17463E-05,0.013775291
Cabbagetown-South St.James Town,71,11669,0.941811638,0.669723198,0.000119976,0.623446739,0.031279458,0.050132831,0.250664153,0.075413489,0.437483932,0.631587968,0.56817208,976,103558,50873,60268,0.085611449,0.119119033,0.031707944,0.161110635,13.33333333,0.022709744,2,43.71,16,0.073699546,0.066243894,0,0.107464221,0.00239952,0.008226926,0.000942669,0.004541949,0.001371154,0.000771274,0.000514183,0,0.000428486,0.02853715
Regent Park,72,10803,0.988151439,0.296676849,5.55401E-05,0.523928538,0.051837453,0.050448949,0.312413219,0.135610479,0.285568823,0.447560863,0.355919652,631,51758,30794,32172,0.059150236,0.218457836,0.065722484,0.47671943,10.84337349,0.012496529,0.91,42.52,6,0.196241785,0.17828381,0.370360085,0,0.001110803,0.007220217,0.000370268,0.002314172,0.001295936,0.000277701,0.000185134,0,9.25669E-05,0.021475516
Moss Park,73,20506,0.900224325,0.516678045,6.82727E-05,0.601043597,0.046084073,0.041207451,0.229201209,0.079245099,0.412806008,0.582268604,0.440358919,795,87222,37295,41295,0.199453818,0.1726324,0.033161026,0.24968302,19.17808219,0.014386033,1.9,42.76,5,0.165756364,0.142689944,0.128840339,0,0.008485321,0.01867746,0.001901882,0.006290842,0.005461816,0.000780259,0.000585195,0.000146299,0.000243831,0.043255632
North St.James Town,74,18615,0.986032769,0.326349718,2.1488E-05,0.582594682,0.135643298,0.060435133,0.280687618,0.103142627,0.338705345,0.549556809,0.494225087,879,49005,31304,32514,0.067848509,0.185334408,0.046736503,0.314799893,16.15384615,0.017459038,1.13,34.03,15,0.091539081,0.088799355,0.125221595,0,0.001504163,0.005640612,0.000644641,0.002793446,0.001020682,0.000859522,0.000483481,0,0.00010744,0.012463067
Church-Yonge Corridor,75,31340,0.966975112,0.570516911,4.46713E-05,0.697351627,0.062858966,0.059508615,0.231014678,0.048500319,0.540204212,0.71330568,0.581684748,1134,77996,41813,47195,0.35252074,0.123165284,0.022973835,0.16464582,11.32075472,0.015475431,0.93,33.5,14,0.10606254,0.072463306,0,0,0.004307594,0.014869177,0.002233567,0.004690491,0.003446075,0.000733886,0.001276324,9.57243E-05,0.000159541,0.035194639
Bay Street Corridor,76,25797,0.992557274,0.37504361,6.97756E-05,0.581462961,0.088188549,0.059503043,0.346939567,0.026941117,0.584951739,0.678567275,0.441718029,1467,90324,44614,50363,1.078381207,0.389580184,0.031786642,0.496957011,19.44444444,0.012986006,0.97,24.83,5,0.029228205,0.012133194,0,0,0.005116874,0.02244447,0.003411249,0.004574175,0.00387642,0.000969105,0.001589332,3.87642E-05,0.000116293,0.055355274
Waterfront Communities-The Island,77,65913,0.995554746,0.557022135,0.000115304,0.775264364,0.071761261,0.040052797,0.16514193,0.024729568,0.633183135,0.784974133,0.409479162,1417,95004,57670,69107,0.322758788,0.067968383,0.021391835,0.106048883,17.81609195,0.007358184,0.96,31.61,21,0.040113483,0.020906346,0.005704489,0.045590399,0.002124012,0.010802118,0.001031663,0.003231532,0.000955805,0.000606861,0.000849605,0,7.58576E-05,0.021573893
Kensington-Chinatown,78,17945,0.972694344,0.386737253,8.35887E-05,0.563109501,0.046809696,0.045973809,0.336862636,0.189746447,0.356366676,0.506826414,0.481192533,1004,64945,37571,40793,0.455057119,0.205628309,0.047924213,0.338255782,25.92592593,0.018668153,1.14,37.57,4,0.115018111,0.091557537,0.098746169,0,0.005851212,0.015213151,0.001894678,0.004458066,0.002953469,0.001448872,0.000891613,0.000278629,0.000278629,0.025578155
University,79,7607,0.877481267,0.587616669,0.000184041,0.579071907,0.041409228,0.047982122,0.231365847,0.085447614,0.462074405,0.58630209,0.432496385,1246,92815,45538,51222,0.320625739,0.155120284,0.022347838,0.201130538,20,0.013803076,1.47,42.62,2,0.042855265,0.018929933,0,0,0.004601025,0.014591823,0.002629157,0.00617852,0.002760615,0.001708952,0.000657289,0,0.000131458,0.030498225
Palmerston-Little Italy,80,13826,0.995226385,0.781860263,0.000101258,0.670837552,0.023506437,0.045566324,0.232894547,0.14284681,0.449153768,0.598871691,0.450961956,1181,94190,52309,59378,0.104368581,0.092579199,0.03037755,0.130912773,10.98901099,0.009402575,0.67,45.81,2,0.012223347,0.01128309,0,0.208737162,0.000650947,0.004845942,0.000940257,0.002820772,0.001952842,0.00086793,0.000433965,0,0,0.01041516
Trinity-Bellwoods,81,16556,0.980309253,0.689176129,0.000102682,0.607332689,0.027784489,0.036844648,0.26818072,0.253684465,0.347004107,0.4886446,0.413445277,1130,77477,51502,56368,0.117842474,0.120198115,0.036240638,0.194491423,10,0.008758154,1.21,35.45,1,0.015100266,0.01020778,0,0.386506403,0.003261657,0.008033341,0.000604011,0.002959652,0.001208021,0.001510027,0.000120802,6.04011E-05,0.000120802,0.013469437
Niagara,82,31180,0.976266838,0.633899936,9.94227E-05,0.788806928,0.045060936,0.035599743,0.121712636,0.037363695,0.546023092,0.747434253,0.40522771,1296,88996,59929,70862,0.152597819,0.055484285,0.021488133,0.08274535,13.58024691,0.003688262,0.8,34.94,14,0.030115459,0.015234124,0,0,0.001763951,0.006606799,0.00086594,0.002180885,0.000513149,0.000705581,0.000577293,3.20718E-05,3.20718E-05,0.015394484
Dufferin Grove,83,11785,0.993635978,0.68561731,0.000118795,0.641069156,0.040729741,0.0479423,0.243529911,0.170131523,0.336444633,0.521849809,0.433177768,1021,66895,44145,47843,0.142978362,0.111158252,0.037335596,0.181586763,18.51851852,0.007636826,1.06,40.07,6,0.014085702,0.008739924,0,0,0.001697073,0.007127705,0.000593975,0.002291048,0.001272804,0.000678829,0.000254561,8.48536E-05,8.48536E-05,0.010267289
Little Portugal,84,15559,0.967607173,0.693489299,7.71258E-05,0.684491291,0.032135741,0.044025966,0.193135806,0.195385308,0.375345459,0.545664888,0.340960216,997,74372,52519,59886,0.072433961,0.083552928,0.03599203,0.13047111,10.86956522,0.004820361,1.22,37.58,7,0.033999614,0.015875056,0,0.267754997,0.001156887,0.006170062,0.000771258,0.002506588,0.000514172,0.000835529,0.000192814,6.42715E-05,0.000128543,0.012918568
South Parkdale,85,21849,0.94535219,0.491097991,0.000105268,0.601171678,0.077577921,0.051489771,0.249668177,0.157215433,0.270035242,0.504370909,0.484919218,865,54454,32539,35601,0.069568401,0.166598014,0.044395625,0.259050757,17.5257732,0.01601904,1.53,26.84,30,0.073229896,0.046272141,0.234884892,0.013089844,0.001373061,0.009336812,0.000457687,0.003066502,0.001510367,0.001006911,0.000411918,4.57687E-05,4.57687E-05,0.019726303
Roncesvalles,86,14974,0.993054628,0.739949245,0.000100174,0.602377454,0.034059036,0.040069454,0.237077601,0.154267397,0.366635502,0.538266328,0.455122212,939,86526,46883,52154,0.086883932,0.11219447,0.036730333,0.176305596,6.040268456,0.020034727,1.23,44.85,4,0.034125818,0.031387739,0.033457994,0.223921464,0.001869908,0.00634433,0.000734607,0.002537732,0.001669561,0.000801389,0.000200347,0,0.000333912,0.016495258
High Park-Swansea,87,23925,0.976175549,0.789341693,0.000221526,0.607105538,0.021107628,0.03615465,0.221107628,0.064367816,0.445768025,0.620480669,0.411912226,1053,116465,62128,72286,0.111097179,0.056426332,0.032183908,0.095715778,5.911330049,0.014838036,0.86,46.53,7,0.012539185,0.00969697,0.001504702,0.219017764,0.000835946,0.003552769,0.00045977,0.001337513,0.000835946,0.00045977,0.000208986,0,0.000125392,0.010950888
High Park North,88,22162,0.984342568,0.750834762,8.57323E-05,0.618852089,0.055951629,0.043768613,0.237568811,0.07219565,0.456863099,0.641187618,0.478521794,1134,89737,52827,60879,0.040249075,0.081671329,0.034744157,0.132659507,7.103825137,0.016920856,0.94,40.24,6,0.035556358,0.02887826,0.002707337,0.352089162,0.000360978,0.003339049,0.000541467,0.001218302,0.000902446,0.000360978,4.51223E-05,0,0,0.007264687
Runnymede-Bloor West Village,89,10070,1,0.84061569,0.000158888,0.578450844,0.016881827,0.029294935,0.218470705,0.092353525,0.413604767,0.562562066,0.378351539,1083,114798,74729,91230,0.091757696,0.040714995,0.031777557,0.071499503,4.385964912,0.006951341,0.73,45.64,1,0.000397219,0.000397219,0,0.234061569,0.000695134,0.002979146,0.00019861,0.002184707,0.001092354,0.000893744,9.93049E-05,0,0,0.005461768
Junction Area,90,14366,0.980439928,0.690867326,0.000180983,0.618822219,0.024015036,0.034804399,0.216483363,0.132604761,0.355700961,0.542252541,0.400598636,1025,78000,53804,60789,0.168453292,0.093971878,0.045245719,0.152443269,7.627118644,0.004176528,0.75,44.09,5,0.005847139,0.003341222,0,0,0.000974523,0.006612836,0.000696088,0.002157873,0.000904914,0.001531394,0.000208826,0,0.000139218,0.012599193
Weston-Pellam Park,91,11098,0.998828618,0.620382051,0.000135159,0.537484231,0.03333934,0.045503694,0.311317354,0.335646062,0.145071184,0.336096594,0.396467832,719,66933,48206,51205,0.041178591,0.137862678,0.071183997,0.253198775,20.49180328,0.012164354,1.16,52.57,8,0.066138043,0.055054965,0,0,0.002613083,0.006037124,0.000630744,0.001351595,0.00099117,0.001531808,0.000630744,9.01063E-05,0.000180213,0.011894035
Corso Italia-Davenport,92,14133,0.997665039,0.747894998,0.000134437,0.587985566,0.039623576,0.042453831,0.275242341,0.254369207,0.232434727,0.419231586,0.360857567,945,74367,56345,63149,0.041321729,0.085615227,0.050944598,0.150003538,14.7826087,0.006368075,1,37.94,1,0.004174627,0.002476474,0.004882191,0.60277365,0.001344371,0.004033114,0.000566051,0.001061346,0.00176891,0.000495295,0.000141513,0,7.07564E-05,0.007217151
Dovercourt-Wallace Emerson-Juncti,93,36625,0.988668942,0.653515358,0.000101024,0.609692833,0.036313993,0.043959044,0.257201365,0.224027304,0.294197952,0.473037543,0.380750853,963,70893,50741,56997,0.047726962,0.105392491,0.043139932,0.174744027,19.29824561,0.006416382,1.02,35.06,10,0.03090785,0.014935154,0,0.130238908,0.000546075,0.005351536,0.000546075,0.002129693,0.000955631,0.000737201,0.000327645,0,5.46075E-05,0.0101843
Wychwood,94,14349,0.923409297,0.669384626,0.000118475,0.548818733,0.021952749,0.02857342,0.24461635,0.137291797,0.332775803,0.503867865,0.38539271,930,90496,50261,55941,0.053662276,0.085023347,0.041814761,0.135201059,7,0.016725904,1.17,40.49,7,0.085650568,0.037772667,0,0,0.001184752,0.004808697,0.000627221,0.001951355,0.000627221,0.001254443,0.000209074,0,6.96913E-05,0.012614119
Annex,95,30526,0.938216602,0.700386556,9.17251E-05,0.60800629,0.031939986,0.040948699,0.253554347,0.055198847,0.543471139,0.669265544,0.509401821,1237,141111,49912,57825,0.227707528,0.101880364,0.02391404,0.139553168,5.050505051,0.013103584,1.19,38.85,7,0.047041866,0.027189936,6.55179E-05,0.005405228,0.001408635,0.006748346,0.00095001,0.004029352,0.00095001,0.000589661,0.000655179,0,9.82769E-05,0.025224399
Casa Loma,96,10968,0.992432531,0.822848286,0.000173231,0.590353756,0.025984683,0.038749088,0.288110868,0.047866521,0.539752006,0.680160467,0.485047411,1494,188924,65574,78152,0.120258935,0.057439825,0.025528811,0.086615609,8.695652174,0.01960248,1.15,32.33,6,0.00884391,0.004467542,0.004376368,0.341812546,0.001914661,0.002461707,0.000364697,0.001732312,9.11743E-05,0.000455872,0.000547046,0,0,0.01896426
Yonge-St.Clair,97,12528,0.981800766,0.777458493,9.57854E-05,0.615421456,0.053480204,0.036318646,0.270992976,0.027139208,0.540788633,0.704022989,0.541187739,1314,173751,58838,71728,0.097461686,0.054278416,0.025542784,0.078224777,8.333333333,0.018358876,1,32.65,5,0,0,0,0,0.001037676,0.002234994,0.000319285,0.001037676,0.000399106,0.000558748,0.00063857,0,0,0.015245849
Rosedale-Moore Park,98,20923,0.985040386,0.806767672,0.000219854,0.550112317,0.03584572,0.033217034,0.310184964,0.051139894,0.546049802,0.673421593,0.478181905,1468,249884,72915,88855,0.116379104,0.053529609,0.022941261,0.078860584,9.836065574,0.019356689,0.71,32.2,6,0.024853033,0.004731635,0,0,0.001242652,0.003727955,0.000430149,0.002724275,0.000621326,0.00066912,0.000286766,0,0,0.016871386
Mount Pleasant East,99,16775,0.999105812,0.770789866,0.000184799,0.579433681,0.037853949,0.039940387,0.241728763,0.060506706,0.475111773,0.624441133,0.439344262,1097,133977,71154,84873,0.100745156,0.045305514,0.028614009,0.072131148,10.22727273,0.016989568,0.6,50.4,3,0.017347243,0.017228018,0.00023845,0.080536513,0.000357675,0.00119225,0.000298063,0.0009538,0.000178838,0.0004769,0.000119225,0,0,0.008107303
Yonge-Eglinton,100,11817,0.998984514,0.731996277,0.000135398,0.61944656,0.050774308,0.042735043,0.22679191,0.041465685,0.529322163,0.676144538,0.440467124,1246,140907,63267,72977,0.216213929,0.065160362,0.026233393,0.093086232,2.325581395,0.010154862,0.67,31.95,1,0,0,0.001861725,0.656596429,0.002961835,0.004569688,0.001269358,0.001607853,0.001269358,0.000338495,0.000169248,0,0,0.017771008
Forest Hill South,101,10732,0.987700335,0.821841223,0.000232948,0.568859486,0.043328364,0.031680954,0.295844204,0.067089079,0.519474469,0.651323146,0.446328736,1206,251035,67446,78269,0.081438688,0.051248602,0.019567648,0.080134178,13.04347826,0.018635855,0.88,18.49,5,0.016213194,0,0,0,0.001118151,0.000838613,0.000186359,0.00260902,9.31793E-05,0.000838613,0.000465896,0,0,0.019474469
Forest Hill North,102,12806,0.989379978,0.710604404,0.000124941,0.587224738,0.089020772,0.043729502,0.240902702,0.077697954,0.415430267,0.589176948,0.416601593,1132,137887,53978,61596,0.022645635,0.079650164,0.035920662,0.138216461,11.11111111,0.016789005,0.64,29.11,1,0.024285491,0.017413712,0,0,0.000156177,0.001717945,0.000156177,0.001405591,0.000390442,0.00046853,0.000156177,0,7.80884E-05,0.009839138
Lawrence Park South,103,15179,0.995454246,0.827458989,0.000210818,0.551090322,0.031293234,0.041175308,0.256604519,0.059621846,0.519138283,0.626523486,0.373871797,1230,216754,105043,127853,0.033599051,0.038210686,0.023058172,0.061268858,6.153846154,0.008893867,0.73,37.53,2,0.007444496,0.005599842,0,0,0.000395283,0.001251729,0,0.002964622,0.000131761,0.00131761,6.58805E-05,0,0,0.014625469
Mount Pleasant West,104,29658,0.975116326,0.647380134,4.3833E-05,0.666936408,0.086991705,0.044844561,0.228100344,0.058163059,0.502899724,0.693741992,0.592588846,1148,89797,48066,55802,0.151898307,0.108571043,0.033380538,0.15982197,10.15625,0.021242161,1.05,41.6,14,0.0466316,0.036313979,0,0.010216468,0.000337177,0.003068312,0.000269742,0.001281273,0.000168589,0.000134871,0.000202306,3.37177E-05,0,0.010149032
Lawrence Park North,105,14607,0.996782365,0.784213049,0.000157459,0.5439173,0.023618813,0.034572465,0.228315191,0.05237215,0.479222291,0.592866434,0.376189498,1290,165131,103660,125667,0.091873759,0.040391593,0.028753337,0.067091121,7.567567568,0.010953652,0.68,52.03,1,0.007736017,0.007256795,0,0.158485658,6.84603E-05,0.001437667,0.000205381,0.001916889,0.000273841,0.000889984,0.000205381,0,0,0.008009858
Humewood-Cedarvale,106,14365,0.99025409,0.704838148,0.000132266,0.618865298,0.053950574,0.043856596,0.221023321,0.089453533,0.421858684,0.607030978,0.457709711,974,105770,49252,57140,0.032788026,0.082840237,0.035502959,0.126696833,12.24489796,0.011486251,0.77,32.85,14,0.033414549,0.015384615,6.96136E-05,0.057709711,0.000278455,0.003271841,0.000278455,0.001809955,0.000487296,0.001183432,0.000348068,0,0,0.007379046
Oakwood Village,107,21210,0.988213107,0.561527581,0.000103725,0.552805281,0.068599717,0.037718058,0.28854314,0.21475719,0.239509665,0.433993399,0.403583215,877,67809,46349,49838,0.023573786,0.107496464,0.058462989,0.185289958,15.05376344,0.018151815,1.08,41.07,10,0.038896747,0.020792079,0,0.187270156,0.001414427,0.005186233,0.000377181,0.001037247,0.000848656,0.001131542,4.71476E-05,0,4.71476E-05,0.005752004
Briar Hill-Belgravia,108,14257,0.996352669,0.540786982,0.000126254,0.585677211,0.099950901,0.050852213,0.280914638,0.188679245,0.238830048,0.472048818,0.407519113,976,67358,48395,53990,0.044679806,0.117135442,0.058217016,0.201304622,11.30434783,0.010871852,1.01,34.23,10,0.022164551,0.020060321,0,0,0.00140282,0.003717472,0.000280564,0.00217437,0.001052115,0.001122256,0.000420846,0,0,0.007224521
Caledonia-Fairbank,109,9955,0.994977398,0.634856856,0.000150678,0.55750879,0.068809643,0.040180814,0.288799598,0.305876444,0.11652436,0.333500753,0.3530889,941,66257,51225,56115,0.0123556,0.093420392,0.056253139,0.172777499,11.71171171,0.004018081,1.49,53.48,7,0.000703164,0.000703164,0,0.002009041,0.001506781,0.006027122,0.000703164,0.001305876,0.001808137,0.001305876,0.000100452,0,0,0.004319437
Keelesdale-Eglinton West,110,11058,0.998824381,0.574244891,0.000153735,0.510490143,0.063302586,0.043859649,0.341833966,0.309730512,0.099927654,0.281696509,0.360372581,796,64857,45058,48667,0.038343281,0.097666848,0.052450714,0.178151564,19.62616822,0.017634292,0.94,34.48,12,0.031741725,0.026225357,0,0,0.00081389,0.004431181,0.000452161,0.001266052,0.002079942,0.001537349,0,0,0,0.011032736
Rockcliffe-Smythe,111,22246,0.999505529,0.539422818,0.000229255,0.504135575,0.046749978,0.046300459,0.338263059,0.256900117,0.121370134,0.340735413,0.400296683,810,64271,46154,49695,0.031421379,0.11867302,0.068776409,0.231951812,15.85365854,0.017306482,1.26,31.87,16,0.049087476,0.048323294,0.000899038,0.016272588,0.00166322,0.005529084,0.000494471,0.00166322,0.002067787,0.001618268,0.000134856,0,0.000134856,0.010743504
Beechborough-Greenbrook,112,6577,0.968526684,0.396837464,0.000273681,0.475140642,0.054736202,0.053975977,0.324616086,0.247833359,0.092747453,0.324616086,0.405199939,749,58706,37540,41175,0.146267295,0.144442755,0.092747453,0.29192641,19.11764706,0.015964726,1.09,25.57,9,0.125285084,0.060057777,0.017029041,0.633571537,0.003192945,0.00760225,0.00212863,0.00182454,0.00152045,0.001064315,0.000456135,0,0,0.00973088
Weston,113,17992,0.982936861,0.384893286,0.000144509,0.50439084,0.081425078,0.053634949,0.307358826,0.22204313,0.133114718,0.377945754,0.439361939,874,61470,41356,45119,0.110382392,0.147287683,0.082814584,0.280680302,15.09433962,0.014172966,0.92,41.45,45,0.057581147,0.046242775,5.55803E-05,0.103879502,0.003112494,0.009393064,0.000611383,0.002389951,0.001945309,0.00216763,0.000111161,0.000222321,0.000222321,0.019286349
Lambton Baby Point,114,7985,1,0.755165936,0.000212899,0.525986224,0.03068253,0.040075141,0.260488416,0.1183469,0.369442705,0.527238572,0.395742016,814,122277,58158,69525,0.012773951,0.086412023,0.056355667,0.174076393,14.1509434,0.011271133,0.8,27.28,10,0.083656857,0.057983719,0,0.071634314,0.000626174,0.002629931,0.00025047,0.001001879,0.00025047,0.000125235,0.000125235,0,0,0.010018785
Mount Dennis,115,13593,0.975502097,0.313028765,0.000154491,0.50798205,0.066578386,0.054807622,0.292062091,0.210034577,0.121386008,0.343191348,0.358640477,896,57386,43790,46811,0.045611712,0.141984845,0.088280733,0.277348635,21.15384615,0.012506437,1.38,29.91,14,0.084234532,0.032075333,0.011844332,0.067534761,0.001471346,0.006106084,0.000514971,0.002207018,0.001765615,0.001029942,0,0,0.000441404,0.012800706
Steeles,116,24623,0.985460748,0.089347358,0.000186817,0.448158226,0.073508508,0.042439995,0.409576412,0.184583519,0.23595825,0.40287536,0.312106567,1155,67732,55755,60946,0.043617756,0.142955773,0.044267555,0.307436137,10.57268722,0.006294928,0.95,11.36,7,0,0,0.106079682,0.137391869,0.000284287,0.001462048,8.12249E-05,0.001949397,0.000527962,0.001137148,0.000121837,0,0,0.004345531
L'Amoreaux,117,43993,0.988793672,0.226058691,0.000161389,0.480644648,0.090127975,0.052281045,0.369035983,0.191621394,0.222308094,0.426545132,0.33903121,919,64493,49769,53644,0.045802741,0.132748392,0.050689882,0.282999568,12.06896552,0.011479099,1.02,30.73,16,0.040370059,0.034323642,0.001636624,0.091241788,0.000340963,0.003091401,0.000181847,0.001091083,0.000704658,0.000636465,0.000113654,4.54618E-05,6.81927E-05,0.006887459
Tam O'Shanter-Sullivan,118,27446,0.984842964,0.244297894,0.000200393,0.470378197,0.088719668,0.042811339,0.372549734,0.151752532,0.251220579,0.449063616,0.357246958,964,64630,46095,49720,0.063798003,0.112949064,0.046272681,0.239379145,12.93103448,0.016760184,1,41.37,13,0.022116155,0.020768054,0.117467026,0.129964294,0.000255046,0.003315602,0.000182176,0.002186111,0.000437222,0.000838009,0.000255046,0,3.64352E-05,0.008452962
Wexford/Maryvale,119,27917,0.986674786,0.43951714,0.000365369,0.513665508,0.070566322,0.046029301,0.322205108,0.171580041,0.190027582,0.419457678,0.357130064,904,69418,53752,58939,0.174875524,0.095640649,0.052656088,0.197012573,12.04819277,0.012358061,1.07,42.08,12,0.026363864,0.012143139,0.008238708,0.239889673,0.000358205,0.005444711,0.000358205,0.002650715,0.00075223,0.001432819,0.000394025,7.16409E-05,3.58205E-05,0.010316295
Clairlea-Birchmount,120,26984,0.97446635,0.377445894,0.000274237,0.526052476,0.067447376,0.045953157,0.279610139,0.140638897,0.213274533,0.420990216,0.324266232,890,69549,53716,59224,0.154054254,0.099318114,0.048176697,0.209383338,10.90225564,0.00333531,0.92,30.8,11,0.015638897,0.007745331,0.006596502,0.143455381,0.001704714,0.007967685,0.000407649,0.003261192,0.00111177,0.001778832,0.000592944,3.7059E-05,0.000111177,0.009190631
Oakridge,121,13845,0.983026363,0.243048032,0.000130011,0.444203684,0.127121705,0.065005417,0.332611051,0.168291802,0.213073312,0.39508848,0.37739256,730,50793,32079,33980,0.038642109,0.18562658,0.056338028,0.425424341,11.9760479,0.014445648,0.9,35.43,14,0.107331166,0.105742145,0.269122427,0,0.00166125,0.008161791,0.000866739,0.00411701,0.001805706,0.000794511,0.000722282,0,7.22282E-05,0.015745757
Birchcliffe-Cliffside,122,22291,0.973262752,0.715086806,0.000269167,0.538333857,0.02175766,0.047328518,0.285092638,0.139966803,0.23193217,0.456237944,0.412049706,849,90256,57017,64701,0.062222422,0.080301467,0.050244493,0.136826522,13.5678392,0.009869454,1.04,32.74,15,0.016598627,0.016464044,0,0.217217711,0.000986945,0.007312368,0.000358889,0.003409448,0.000852362,0.000717778,0.000269167,0,0,0.010228343
Cliffcrest,123,15935,0.991841858,0.579541889,0.00044556,0.514590524,0.037652965,0.049890179,0.316598682,0.149356762,0.228427989,0.449325384,0.365547537,839,83694,60384,68647,0.030812676,0.080953875,0.047693756,0.166928146,18.24817518,0.015374961,1.2,25.55,14,0.03200502,0.029934107,0,0,0.001129589,0.00558519,0.000564794,0.003577032,0.001129589,0.000627549,0.000188265,0,0,0.007593348
Kennedy Park,124,17123,0.998656777,0.304561117,0.000210244,0.496992349,0.068329148,0.04526076,0.3393097,0.181043042,0.176662968,0.404426794,0.381358407,742,58513,41776,44226,0.031069322,0.143082404,0.064241079,0.280908719,7.843137255,0.008760147,1.32,34.96,10,0.079425334,0.076855691,0.101559306,0.220405303,0.001051218,0.01068738,0.000642411,0.002628044,0.001576826,0.000642411,0.000233604,0,5.8401E-05,0.012030602
Ionview,125,13641,0.997727439,0.268308775,0.000146617,0.506194561,0.110695697,0.044718129,0.321090829,0.178139433,0.190601862,0.41455905,0.371673631,863,57069,42971,46955,0.01979327,0.12389121,0.062312147,0.245583168,8.724832215,0.007330841,1.07,47.14,19,0.025511326,0.021772597,0,0.003885346,0.000953009,0.006011289,0.000733084,0.001246243,0.000586467,0.000366542,0.000293234,0,0,0.004398505
Dorset Park,126,25003,0.97508299,0.217573891,0.000239971,0.509338879,0.078390593,0.049194097,0.296564412,0.161780586,0.197776267,0.406951166,0.340959085,921,60973,47630,51724,0.106227253,0.120385554,0.053193617,0.263568372,16.81034483,0.00899892,1.17,32.27,12,0.018717754,0.018477783,0.025876895,0.125224973,0.001119866,0.006159261,0.000399952,0.002759669,0.001639803,0.001799784,0.000519938,0,0,0.008598968
Bendale,127,29960,0.97129506,0.267690254,0.000246996,0.476301736,0.065754339,0.041889186,0.344959947,0.148698264,0.210113485,0.409379172,0.333611482,977,65560,51254,55786,0.233311081,0.105807744,0.043724967,0.229305741,16.58986175,0.009012016,0.91,29.12,22,0.01682243,0.013150868,0.011615487,0.120093458,0.001001335,0.006508678,0.001001335,0.001869159,0.001835781,0.001535381,0.000400534,0.000100134,6.67557E-05,0.01018024
Agincourt South-Malvern West,128,23757,0.98791935,0.139748285,0.000332534,0.507008461,0.073031107,0.049880035,0.35126489,0.171107463,0.24266532,0.432925033,0.289809319,971,68465,53886,59013,0.162099592,0.130908785,0.043355643,0.269394284,17.82178218,0.005051143,0.86,35.26,18,0.010523214,0.005345793,0.00088395,0.46558909,0.000378836,0.004461843,0.000378836,0.002567664,0.000757671,0.001094414,0.000463021,0,0,0.0070716
Agincourt North,129,29113,0.990107512,0.084670079,0.000250747,0.476247724,0.074365404,0.046714526,0.382303438,0.204891286,0.199395459,0.377322845,0.314120839,976,67622,55893,60162,0.050321162,0.136708687,0.047058015,0.283378559,12.33480176,0.006182805,1.01,38.09,8,0.008484182,0,0,0.152440491,0.000343489,0.002163982,0.000274791,0.001683097,0.000412187,0.000549583,0.000137396,0,0,0.004396661
Milliken,130,26572,0.980731597,0.033870239,0.000353756,0.458941743,0.082417582,0.043654975,0.383298209,0.213570676,0.174431733,0.336444378,0.29297757,934,66372,55464,60262,0.161673942,0.149029053,0.044407647,0.313487882,11.41732283,0.006021376,1.14,25.25,3,0.005870841,0.00523107,0.009972904,0.122083396,0.000451603,0.002333283,0,0.002521451,0.00094084,0.001279542,0.00041397,0,7.52672E-05,0.006021376
Rouge,131,46496,0.990622849,0.188188231,0.000808672,0.530045595,0.034304026,0.043229525,0.290024948,0.12205351,0.197758947,0.425735547,0.280884377,1082,86997,72784,81553,0.072178252,0.080867171,0.04559532,0.167111149,13.43873518,0.002688403,0.67,21.95,30,0.007140399,0.004839126,2.15072E-05,0.036540778,0.000430145,0.002666896,0.000258087,0.001634549,0.00062371,0.000408637,0.000258087,0,8.60289E-05,0.004946662
Malvern,132,43794,0.999337809,0.104580536,0.000203224,0.508288807,0.062679819,0.053317806,0.310773165,0.168516235,0.165091108,0.387267662,0.306320501,958,64497,53425,57528,0.039845641,0.118052701,0.061652281,0.262364707,11.06290672,0.004909348,0.9,38.63,36,0.023153857,0.014385532,0.064027036,0.181531717,0.000319678,0.005206193,0.000365347,0.001484222,0.001233046,0.00082203,0.000159839,9.13367E-05,2.28342E-05,0.005297529
Centennial Scarborough,133,13362,0.99835354,0.563164197,0.000404131,0.537718904,0.01571621,0.040787307,0.300104775,0.084942374,0.303472534,0.529486604,0.320311331,1128,102278,86816,102864,0.024771741,0.051638976,0.038167939,0.099535998,10.37735849,0.003741955,0.81,9.35,3,0.009429726,0.005388415,0.000449035,0.306166742,7.48391E-05,0.002843886,0,0.001347104,0.00082323,0.000374195,7.48391E-05,0,0,0.005014219
Highland Creek,134,12494,0.997678886,0.254922363,0.000408196,0.532655675,0.026012486,0.045221706,0.341764047,0.103649752,0.244517368,0.488634545,0.304546182,909,98857,87321,98087,0.043220746,0.088842644,0.038418441,0.169681447,14.81481481,0.003201537,0.67,0.63,4,0,0,0.000320154,0.176244597,0.000480231,0.004001921,0.000960461,0.002721306,0.000560269,0.000640307,8.00384E-05,0,0,0.006643189
Morningside,135,17455,0.982526497,0.24577485,0.000320825,0.501861931,0.069607562,0.057003724,0.315668863,0.13778287,0.184474363,0.428530507,0.335720424,857,66024,50069,54746,0.084044686,0.122600974,0.060727585,0.262389,11.35135135,0.008593526,0.97,6.67,19,0.029962761,0.027957605,0.000630192,0.049842452,0.000802062,0.007791464,0.000458321,0.001088513,0.000687482,0.000744772,0,0,0.00011458,0.012317388
West Hill,136,27392,0.984228972,0.360871787,0.000350467,0.478241822,0.053117699,0.055308119,0.339515187,0.156432535,0.15807535,0.400299357,0.354117991,686,65871,46803,49713,0.0526066,0.135441005,0.07666472,0.278913551,19.36619718,0.013872664,0.91,28.06,18,0.074912383,0.06677132,0.039683119,0.166946554,0.001971379,0.011864778,0.000657126,0.002628505,0.002044393,0.000511098,0.000255549,0,0.000182535,0.016209112
Woburn,137,53485,0.991025521,0.233616902,0.000228101,0.470786202,0.092081892,0.049827054,0.340562775,0.170889034,0.203047583,0.399551276,0.343647752,840,63186,47908,52018,0.094250725,0.12826026,0.053472936,0.288492101,15.18987342,0.009254931,0.9,27.73,36,0.048499579,0.044161915,0.063344863,0.185154716,0.000729176,0.005478171,0.000598299,0.001458353,0.001084416,0.000579602,0.000299149,1.86968E-05,9.34842E-05,0.010862859
Eglinton East,138,22776,0.977564103,0.214260625,0.000140499,0.469353706,0.101642079,0.050711275,0.324244819,0.174525817,0.16025641,0.373638918,0.353881279,874,57357,42790,46495,0.043291184,0.128644187,0.075079031,0.276167896,20.30651341,0.008342115,1.16,34.79,22,0.038856691,0.032226906,0,0.01295223,0.001141553,0.007244468,0.000570776,0.002722164,0.001404988,0.000965929,0.000263435,0,4.39059E-05,0.008078679
Scarborough Village,139,16724,0.982420474,0.261301124,0.000185362,0.450849079,0.09716575,0.058598421,0.330961492,0.16921789,0.175496293,0.378198995,0.353085386,833,61631,40181,42131,0.042693136,0.143506338,0.066969624,0.328868692,19.5,0.01165989,1.06,35.48,30,0.047117914,0.041377661,0.064757235,0.133281512,0.001674241,0.008909352,0.000777326,0.002033006,0.001315475,0.000538149,0.000119589,0.000358766,5.97943E-05,0.014828988
Guildwood,140,9917,0.973076535,0.684178683,0.00038318,0.50166381,0.014621357,0.039830594,0.341837249,0.105878794,0.27377231,0.51023495,0.398810124,1081,92858,67678,76055,0.036704649,0.044368257,0.046384995,0.079661188,10.71428571,0.023696682,0.9,15.57,3,0.004840173,0,0,0.096904306,0.000403348,0.00363013,0.000806696,0.001714228,0.000806696,0.000403348,0.000100837,0,0,0.006756075
